Category,Title,Author,Intro,Content
자기계발성공/처세,셀프리딩,"
배병옥
저자 : 배병옥저자 배병옥은 아침 5시면 하루를 시작하는 새벽형 직장인이자 자칭 셀프리더이다. 군복무를 마치고 대학졸업을 앞둔 1986년 12월에 한국전력공사에 입사했고, 2001년 현재 근무처인 전력거래소로 전적을 하였다. 국내에서는 생소한 전력시장 설계와 전력시장 운영업무를 다년간 수행했고 2005년부터는 줄곧 인사 및 기획업무를 해오다가 지금은 전력거래소 KPX교육센터장으로 재직 중이다.직장생활을 병행하며 주경야독으로 한양대학교에서 석사과정을 마친 후 서울대학교 경영대학원과 고려대학교 노동대학원을 거쳐 2012년도에 서울과학종합대학원(ASSIST) 박사과정까지 쉼 없이 배움의 열정을 쏟아 낸 결과 2016년 봄에 ‘경영학 박사’라는 호칭을 하나 더하게 되었다. 수년간 기업현장에서 인사업무를 하면서 얻은 경험과 지식을 바탕으로 기업에서 가장 핵심자원인 사람과 조직성과의 관계에 관한 여러 편의 논문을 학회에 발표하였고 그 논문들을 바탕으로 박사 학위논문을 쓰게 되었다.논문의 핵심 키워드는 ‘셀프리더십’이었다. 셀프리더십의 이론적 고찰을 통해 셀프리더의 삶을 조명해보고자 이 책을 준비하게 되었다. 후학에도 관심이 많아 현재 서울과학종합대학원(ASSIST)에서 겸임교수로도 활동 중이며 ‘셀프리더’라는 필명으로 개인 블로그에 관심분야 글을 써오고 있다. 저서로는 2016년에는 출간한 『셀프리더십과 조직성과의 관계연구』가 있다.
","누구나 자신의 삶을 스스로 주도하는 셀프리더가 될 수 있다!자기 스스로가 목표를 설정하고 그 목표를 달성하기 위해 스스로 동기부여를 하는 사람을 ‘셀프리더’라고 한다. 셀프리더는 자기규율을 하며 반복된 자기성찰과 피드백으로 스스로 통제할 수 있는 능력을 지닌 사람이다. 누구나 행복하게 살기를 원한다. 사실 행복의 원천은 다른 사람과의 관계에서 나오는 것이며, 더 깊게 접근한다면 모든 관계는 ‘나’ 자신에게서 시작된다. 나 자신을 사랑하며 존중할 수 있을 때 비로소 상대를 존중하고 사랑할 수 있다.그러한 관점에서 보면 나 자신을 주체적으로 관리하는 힘, 즉 ‘셀프리더십’의 역량은 개인의 경쟁력이자 행복의 원천이 되는 셈이다. 셀프리더십은 한정된 조직이나 특정한 사람들에게만 필요한 덕목이 아니다. 일상생활을 하는 모든 사람들에게 필요한 에너지원이자 생활철학의 기본이 바로 셀프리더십이다.『내 삶을 이끄는 습관 셀프리딩』에서는 현재의 나를 셀프리더로 거듭나게 해주는 당장 실천해볼 수 있는 셀프리딩 5단계 전략을 소개한다.","누구나 자신의 삶을 스스로 주도하는 셀프리더가 될 수 있다!자기 스스로가 목표를 설정하고 그 목표를 달성하기 위해 스스로 동기부여를 하는 사람을 ‘셀프리더’라고 한다. 셀프리더는 자기규율을 하며 반복된 자기성찰과 피드백으로 스스로 통제할 수 있는 능력을 지닌 사람이다.누구나 행복하게 살기를 원한다. 사실 행복의 원천은 다른 사람과의 관계에서 나오는 것이며, 더 깊게 접근한다면 모든 관계는 ‘나’ 자신에게서 시작된다. 나 자신을 사랑하며 존중할 수 있을 때 비로소 상대를 존중하고 사랑할 수 있다.그러한 관점에서 보면 나 자신을 주체적으로 관리하는 힘, 즉 ‘셀프리더십’의 역량은 개인의 경쟁력이자 행복의 원천이 되는 셈이다. 셀프리더십은 한정된 조직이나 특정한 사람들에게만 필요한 덕목이 아니다. 일상생활을 하는 모든 사람들에게 필요한 에너지원이자 생활철학의 기본이 바로 셀프리더십이다.이 책에서는 현재의 나를 셀프리더로 거듭나게 해주는 당장 실천해볼 수 있는 셀프리딩 5단계 전략을 소개한다."
컴퓨터/ITIT 전문서,아두이노 내친구 by 스크래치 교재 + 키트세트,"
양세훈
저자 : 양세훈저자 양세훈은고려대학교를 졸업하고 미국 조지워싱턴 대학교에서 석사와 박사학위를 받았다.조지워싱턴 대학교 공과대학 재료공학과 조교수를 역임하였다. 한국생산기술연구원 부교수 겸 수석연구원을 시작으로 다양한 연구개발에 참여하였다.고속전철 차량 기술개발 사업기획 및 초창기 추진과 한독기술 협력사업 수행 등의 업적으로 은탑 산업훈장과 지식경제부/한국공학한림원/매경에서 선정한 100대 기술 주역 상을 수상하였다.공학한림원 주니어 공학교실 사업의 제안 기획을 하고 학생들에게 공학기술을 전파하고 있다.서울대학교 공과대학 겸임교수이며 과학영재 아카데미에서 IT 분야 교수로 활동하고 있다.<학력 및 경력>· 고려대학교 공과대학 금속공학 학사· 미국 조지워싱턴 대학교 재료공학 석사· 미국 조지워싱턴 대학교 재료공학 박사· 조지워싱턴 대학교 - 조교, 조교수· 국제 경력 - 한·독 기술협력센터 소장· 한국생산기술연구원 - 팀장, 단장, 센터장 · 한국공학한림원 정회원· 금속학회, 표면학회 회원· 겸임교수 역임(연세대, 한양대, 성균관대)· 연구발전협의회 회장 역임<저서>· 아두이노 아이디어를 발명으로 (1) <토마토 출판사>· 아두이노 아이디어를 발명으로 (2) <토마토 출판사>· 아두이노 내친구 1편 기초 (1) <토마토 출판사>· 아두이노 내친구 2편 라인트랙 자동차 만들기 <토마토 출판사>· 아두이노 내친구 BY 스크래치 블록 코딩으로 자동차 만들기 1편 기초 (1) <토마토 출판사>· 아두이노 내친구 BY 스크래치 라인트랙 자동차 만들기 <토마토 출판사><수상>· 은탑 산업훈장(2003년)· 한국 100대 기술과 주역상(2010년) 지식경제부/공학한림원/매경저자 : 박재일저자 박재일은<학력 및 경력>· 現 경기도 무원초등학교 교사· 고양시 발명교육센터 지도교사(2016)· 로봇산업진흥원 로봇창의교실 운영(2016)· 소프트웨어 선도학교 운영(2016)· 경기도 꿈의학교 IT 분야 꿈지기 교사(2015)· 제주교육대학교 학사<저서>· 아두이노 내친구 BY 스크래치 블록 코딩으로 자동차 만들기 1편 기초 (1) <토마토 출판사>· 아두이노 내친구 BY 스크래치 라인트랙 자동차 만들기 <토마토 출판사><수상>· 강원 GLOBAL INNOVATON FESTA 드론 해커톤 우수상(2016)· N15 드론톤 대회 특별상(2015)
","코딩을 전혀 모르는 분들과 초등학생도 배울 수 있도록 쉽게 구성된 『아두이노 내친구 BY 스크래치』. 직접 만질 수 있는 작품을 만들어가면서 코딩을 배운다면 훨씬 재미있게 배울 수 있다. 이 책으로 아두이노 작품을 만들면서 코딩을 매우 재미있고 신나게 배울 수 있다. 이번 편은 레고 블록을 서로 연결하는 것처럼 스크래치로 재미있는 게임을 만들면서 매우 즐겁게 코딩을 배울 수 있도록 구성되었다. 아두이노에 대한 기본적인 내용도 알아보고, 스크래치로 아두이노와 전자 회로를 작동하는 법을 배운다. 이를 위해 전자회로를 쉽게 이해할 수 있도록 다양한 그림과 비유로 설명했다.","도서 소개 : 블록 코딩으로 자동차 만들기 1편 기초 이 도서는 코딩을 전혀 모르는 분들과 초등학생도 배울 수 있도록 쉽게 구성했습니다. 책에 나온 그림을 보고 따라하면 마치 흥미진진한 소설을 읽는 것처럼 재미있게 코딩을 공부할 수 있습니다. 또한, 중요한 내용은 여러 번 반복 설명해서 많은 내용이 머릿속에 남을 수 있게 구성했습니다. 직접 만질 수 있는 작품을 만들어가면서 코딩을 배운다면 훨씬 재미있게 배울 수 있습니다. 우리는 이 책으로 아두이노 작품을 만들면서 코딩을 매우 재미있고 신나게 배울 수 있습니다.또한 교육 내용에 맞는 부품키트가 제공되어, 별도로 부품을 구매하는 수고를 덜 수 있을 것입니다. 본 도서 시리즈 구매만으로 원스톱으로 코딩과 함께 전자부품 공작까지 바로 할 수 있습니다.그 중 자동차 만들기 시리즈(전체 3편 예정)는 나만의 자율주행 및 무선조종 자동차를 만들 수 있게 도와 줄 것입니다.자동차 만들기 시리즈 중 이번에 발간되는 1편에서는 레고 블록을 서로 연결하는 것처럼 스크래치로 재미있는 게임을 만들면서 매우 즐겁게 코딩을 배울 것입니다.또한 아두이노에 대한 기본적인 내용도 알아보고, 스크래치로 아두이노와 전자 회로를 작동하는 법을 배웁니다. 이를 위해 전자회로를 쉽게 이해할 수 있도록 다양한 그림과 비유로 설명했습니다.4차 산업혁명의 시대에 대응할 수 있는 기술을 습득할 수 있는 본 도서는 코딩을 처음 접하는 입문자(특히 청소년)와 코딩은 알지만 컴퓨터 외부세계에 대한 제어 기술(피지컬 컴퓨팅)을 익히고자 하는 독자들 모두에게 적극 추천드립니다."
어린이어린이(공통),어린이 대학,"
이정전
저자 : 이정전글쓴이 이정전은 서울대학교 경제학과를 졸업하고 미국 아이오와 주립대학교에서 경제학 석사, 박사 학위를 받은 뒤 서울대학교 환경대학원에서 환경 경제학과 부동산 경제학을 가르쳤습니다. 1980년대 들어 환경 오염 문제가 불거지자 환경 운동에 활발하게 참여했고, 1980년대 후반부터 민주화 운동이 거세지고 사회적 갈등이 심해지는 것을 보며 마르크스 경제학을 연구하기 시작했습니다. 2천 년대에 들어와서 국민의 소득 수준이 크게 높아졌음에도 불구하고 행복 지수가 높아지지 않는 현상에 주목해 행복에 관하여 많은 연구를 했습니다. 지은 책으로 『토지 경제론』『두 경제학의 이야기』『녹색 경제학』『시장은 정말 우리를 행복하게 하는가』『시장은 정의로운가』 등이 있습니다.저자 : 권재원글쓴이 권재원은 주변의 것들에 대해 이것저것 궁금한 게 많답니다. 넘쳐나는 궁금증을 풀려고 공부하다 보니 이런저런 것에 대해 알게 되고, 이렇게 알게 된 것을 책으로 만듭니다. 지은 책으로 『10일간의 보물찾기』『함정에 빠진 수학』『침대 밑 그림 여행』『왜 아플까?』『째깍째깍 시간 박물관』『좋은 돈, 나쁜 돈, 이상한 돈』 등이 있습니다.그림 : 권재원그린이 권재원은 주변의 것들에 대해 이것저것 궁금한 게 많답니다. 넘쳐나는 궁금증을 풀려고 공부하다 보니 이런저런 것에 대해 알게 되고, 이렇게 알게 된 것을 책으로 만듭니다. 지은 책으로 『10일간의 보물찾기』『함정에 빠진 수학』『침대 밑 그림 여행』『왜 아플까?』『째깍째깍 시간 박물관』『좋은 돈, 나쁜 돈, 이상한 돈』 등이 있습니다.
","스스로 질문을 찾아 나서는 어린이를 위한 특별한 대학어린이가 묻고 우리 시대를 대표하는 석학이 명쾌하게 답했다. 돈보다 중요한 행복을 찾아가는 경제 이야기. 어린이에게 학문의 세계를 소개하는 ‘어린이 대학’ 시리즈가 창비에서 출간되었다. 생물, 역사, 물리, 경제 등 어린이가 자신을 둘러싼 세상을 이해하는 데 특별히 도움이 될 만한 기초 학문을 선정해 인간과 사회에 대한 통합적 이해를 도모하도록 구성했다. 초등학교 5, 6학년을 대상으로 직접 설문조사를 벌여 어린이들이 각 학문에 대해 궁금해하는 점을 받고, 해당 학문을 평생 연구해 온 석학이 어린이의 질문에 답했다.엉뚱해 보이지만 핵심을 꿰뚫는 어린이의 질문과 지식과 통찰을 담은 석학의 대답을 통해 각 학문의 기초를 이해하고 다양한 사회?자연 현상을 한층 깊은 시선으로 바라볼 수 있게 이끈다.『어린이 대학: 경제』에서는 경제학의 주요 개념과 이론을 설명하면서 ‘부와 가난’ ‘돈과 행복’과 관련된 사회적 갈등을 어떻게 이해할 것인지 어린이들에게 생각할 거리를 던져 준다. 빈부격차와 경쟁이 나날이 심해지는 현실 속에서 꼭 지켜야 할 가치가 무엇인지 나아갈 방향을 제시하는 길잡이가 되어 줄 책이다.","부와 가난, 경제학으로 살펴보는 우리 사회경제와 관련된 어린이들의 질문을 살펴보면 ‘돈이 많으면 행복해요?’ ‘돈으로 뭐든 살 수 있나요?’ 등 돈에 대한 질문이 많아 어린이의 삶에서도 돈이 꽤 중요한 자리를 차지한다는 것을 알 수 있었다. 또한 ‘부익부 빈익빈’ ‘금수저 흙수저’로 대변되는 빈부격차 문제도 어린이가 크게 관심을 가진 주제였다. 경제학자 이정전은 어린이들의 질문에 대해 구체적으로 답하면서 시장, 기회비용 등 경제학의 기본 개념은 물론 아담 스미스, 케인스, 마르크스 등 주요 경제학자의 이론이 우리 현실을 어떻게 설명하는지 풍부한 예시를 통해 들려준다. 복잡해 보이는 현실을 개념화해서 설명함으로써 어린이가 자신을 둘러싼 세상을 이해하는 틀을 제시한다.돈보다 중요한 행복을 찾아가는 경제 이야기나날이 심해지는 소득 불평등 문제는 어린이의 삶에도 깊숙이 들어와 있다. 『어린이 대학: 경제』에서는 빈부격차 문제를 어린이가 다양한 각도에서 생각할 수 있도록 통계 자료와 일화 등을 곁들여 설명한다다. 시장과 정부의 기능에 대해 서로 다른 주장을 펼치는 경제학자를 두루 살피고, 모두가 행복해지는 삶을 살기 위해서 함께 지켜 나가야 할 가치가 무엇인지 생각할 수 있도록 이끈다. 부자가 되는 것이 성공의 가장 큰 척도로 여겨지는 요즘 현실에서 진정한 행복은 무엇인지 다각도로 생각하도록 격려하는 책이다.◆ 시리즈 소개 ? 세상에 대한 호기심과 탐구심이 곧 학문이다대부분의 어린이에게 학문은 막연하고 어렵고 심각하게 느껴질 것이다. 학자라 하면 책이 잔뜩 꽂힌 서재나 실험 도구가 즐비한 연구실에서 보통 사람은 이해하기 어려운 연구를 하는 사람이라는 인상을 갖기 쉽다. 하지만 사실 학문은 인간이라면 누구나 가질 법한 세상에 대한 호기심으로부터 출발했다. 이 세상이 어떻게 생겨났는지, 옛사람들은 무엇을 하며 살았는지, 지금의 사회는 왜 이런 모습인지 등 다양한 궁금증으로부터 학문이 시작되었고, 이러한 질문에 대해 누구나 납득할 만한 근거를 바탕으로 설명하고자 한 노력과 탐구가 쌓여 학문의 체계를 이루었다. ‘어린이 대학’ 시리즈는 학문이 가지는 본연의 특성 즉 세상에 대한 호기심과 탐구심으로부터 학문이 비롯한다는 점과 세상을 흥미로운 눈으로 바라본다는 면에서 어린이와 학자는 같은 마음이라는 것을 어린이와 함께 나누고자 기획되었다.? 어린이의 생생한 질문, 지식과 통찰이 담긴 석학의 답변‘어린이 대학’ 기획위원회는 초등학교 5, 6학년 어린이 150명에게 생물학, 역사학, 물리학, 경제학에 대해 무엇이 궁금한지 설문조사를 했다. 엉뚱한 호기심이 느껴지는 질문, 소박해 보이지만 핵심을 꿰뚫는 질문 등 다채로운 질문이 모였는데 생각했던 것 이상으로 어린이들이 각 학문과 관련된 현상들을 세심하게 관찰하고 있음을 알 수 있었다. 400여 개의 질문 중에 높은 순위를 기록한 질문, 각 학문의 내용을 이해하는 데 주효한 질문 등을 추려 석학에게 물었다. 생물학자 최재천, 역사학자 이만열, 물리학자 오세정, 경제학자 이정전, 네 명의 석학이 질문을 꼼꼼히 살펴보고 어린이 눈높이에 맞춰 답했다. 네 석학은 어린이들의 질문이 여느 어른의 질문보다 구체적이고 생생하게 살아 있다고 감탄했고, 어린이의 호기심에 제대로 답할 수 있도록 평생 연구한 결과를 흥미로운 이야기와 비유를 통해 들려주었다. ‘어린이 대학’ 시리즈는 어린이와 석학 사이에 오고간 대화이자 지적 교류의 결과물이다.? 기초 학문에 대한 탄탄한 이해가 창조적 인재를 키운다각 학문들이 자유롭게 경계를 넘나들고 하루가 다르게 과학기술이 발전하는 이때, 사람들이 세계를 인식하고 이용하는 방식도 달라지고 있다. 지금과는 완전히 다른 삶을 살게 될 어린이들이 꼭 배워야 할 지식이란 무엇일까? 서로 분야가 다른 네 명의 석학이 공통적으로 이야기하는 것은 스스로 정보를 학습하는 인공지능 기술로 대표되는 ‘4차 산업 혁명’의 시대에 어떤 첨단 과학이 발달할지, 그 과학기술이 우리를 어떤 세상으로 데려갈지 정확히 예측하기 어렵다는 것이다. 이런 때일수록 강조되는 것은 모든 학문의 기본이 되는 기초 학문이다. 기초 학문에 대한 탄탄한 이해가 바탕이 될 때, 자기 분야밖에 모르는 ‘전문 바보’가 아닌 다양한 분야를 자유롭게 넘나드는 ‘창조적 인간’으로 성장할 수 있다. ‘어린이 대학’ 시리즈는 생물, 역사, 물리, 경제 등 인류가 쌓아 온 지식의 기초 분야를 이해함으로써 어린이가 통합적 사고력과 창의적 문제 해결력을 갖춘 인재로 성장할 수 있도록 격려한다.[추천사]아이들과 더불어 드넓은 세상과 마주하는 특별한 선물이 있다. 바로 아이들의 생생한 질문과 석학들의 설명이 멋지게 어우러지는 이 책이다. ‘어린이 대학’을 아이들과 함께 읽으면서 발 딛고 있는 현재와 과거 그리고 미래의 꿈과 희망을 함께 모색해 보자!배성호(전국초등사회교과모임 공동대표)딱딱한 지식이 아니라 지금, 여기 우리 아이들의 삶 속에서 생각하고 느낄 수 있는 이야기가 들어 있다. 무엇보다 시사적이고 논쟁적인 문제를 통해 스스로 생각하고 능동적으로 가치를 탐구하는 책 읽기를 경험할 수 있을 것이다.최은경(군포초등학교 교사)어린이들이 평소에 궁금해했던 질문을 속 시원하게 풀어 주는 책이다. 4인의 석학이 초등학생 눈높이에 맞는 친절한 설명으로 학문을 소개한다. 물리, 생물, 역사, 경제 등 가장 기초적이고 중요한 학문을 이해하는 길에 한 걸음 다가가도록 도와줄 ‘어린이 대학’을 적극 추천한다.초등과학교사 연구모임 ‘별빛유랑단’(최혁 이정규 이성재 김종욱)"
종교불교,나를 찾는 108 참회 기도문,"
선묵혜자
저자 : 선묵혜자저자 선묵혜자 스님은 108산사순례기도회 회주, 서울 수락산 도안사 주지선묵혜자 스님은 2006년부터 ‘마음으로 찾아가는 108산사순례기도회’를 이끌고 한 달에 한 번씩 전국의 산사를 순례했다. 11년간 이 대장정에 동행한 회원이 66만여 명에 이른다. 2016년부터는 전국의 대표적인 기도도량 53곳을 매달 한 차례씩 순례하는 ‘마음으로 찾아가는 53기도도량 순례’를 이끌고 있다.선묵혜자 스님은 청담 스님을 은사로 모시고 서울 북한산 도선사에서 열네 살 때 동진 출가했다. 50여 년간 오직 한마음으로 수행 정진하며 다문화가정과 소년소녀가장돕기 운동을 꾸준히 실천하여 불자들에게 ‘국민스님’으로 불린다.동국대 불교대학원 최고경영자 과정을 수료했으며, 대한불교조계종 총무원 문화부장을 거쳐 청담학원 이사장, 불교신문사 사장과 도선사 주지를 역임했다. 현재 대한불교조계종 중앙종회의원이며, ‘풍경소리’ 대표이사, 대한불교조계종 군종특별교구장, 도선사 회주, 도안사 주지를 맡고 있다. 저서로 《모르는 마음》 《살아있는 동안 꼭 읽어야 할 부처님 말씀 108가지》 《그대는 그대가 가야 할 길을 알고 있는가》 등을 펴냈다.이 책에는 나를 일깨우는 108개의 기도문과 해설이 실려 있다. 부처님께서 중생제도를 위해 49년간 설법하신 팔만사천 경전 중에서 불자들이 꼭 알아야 할 말씀들을 담았다. 매일 아침 스님의 편안한 음성이 담긴 기도문으로 하루를 시작하면 신심이 나고 바라는 바 소원이 모두 성취될 것이다.
","불자들이 새겨야 할 말씀들을 가려 뽑은 108개의 기도문과 그에 대한 해설로 구성되었다. 이 책은 부처님의 팔만사천 법문이 108 기도문 안에 오롯이 녹아 있다는 점이 특징이다. 특별 부록으로 수록된 CD는 선묵혜자 스님의 독송과 함께 기도문의 참 의미를 되새기며 108배 수행을 할 수 있게 도와준다. 매일 기도하고 싶다면, 그 기도에 간절한 마음을 더하고 싶다면, 108 참회 기도로 하루를 열어보자. “내 마음을 찾는 게 진정한 순례길”이라고 말하는 선묵혜자 스님은 50여 년간 오직 한마음으로 수행 정진하면서 불자들에게 ‘국민스님’으로 불린다. 그는 11년간 ‘108산사순례기도회’를 이끌고 한 달에 한 번씩 전국의 산사를 찾는 순례를 진행했다. 이 순례길에서 모든 회원이 거르지 않고 해온 것이 ‘108 참회 기도문’ 독송이다. 66만여 명의 회원들은 108배를 하면서 마음이 정화되고 평화로 차오르는 위력을 체험했다.108배는 행복한 삶을 위한 하루 한 번의 실천이다. 또 나의 허물을 참회하고 자신을 변화시키는 가장 강력한 방편이다. 단순히 엎드리고 일어나기를 반복하는 다리운동이 아니라 108번 절할 때마다 지극한 마음으로 기도문을 독송한다면 기적 같은 변화를 체험할 수 있다. 내 마음의 몸부림을 가라앉히고 싶다면, 사랑하는 사람을 위해 매일 기도하고 싶다면, 그 기도에 간절한 마음을 더하고 싶다면, 선묵혜자 스님과 함께 팔만사천 경전 속 지혜의 말씀을 따라 기도 순례를 떠나보자.","팔만사천 경전 속 지혜의 말씀을 108 기도문으로 만나다“마음 바탕이 고요해지면 내가 보이기 시작합니다.” 누구나 살면서 한두 번쯤 넘어질 때가 있다. 무엇을 어디서 어떻게 해야 할지 막막할 때 몸과 마음이 한결 가벼워지는 방법이 있다. 108배 수행이다. 108배는 꾸준히 하다 보면 건강에도 좋을뿐더러 하루하루 마음을 다스리는 데도 가장 좋은 수행법이다. 108배는 곧 ‘하심(下心)’으로 마음을 비워내는 수행이다. 몸을 숙이면 마음도 같이 숙여져 저절로 참회가 된다. 참회가 되면 몸과 마음이 차분해진다. 마음이 차분해지면 나의 허물이 선명하게 보인다. “내 마음을 찾는 게 진정한 순례길”이라고 말하는 선묵혜자 스님은 50여 년간 오직 한마음으로 수행 정진하면서 불자들에게 ‘국민스님’으로 불린다. 그는 11년간 ‘108산사순례기도회’를 이끌고 한 달에 한 번씩 전국의 산사를 찾는 순례를 진행했다. 이 순례길에서 모든 회원이 거르지 않고 해온 것이 ‘108 참회 기도문’ 독송이다. 66만여 명의 회원들은 108배를 하면서 마음이 정화되고 평화로 차오르는 위력을 체험했다.108배는 행복한 삶을 위한 하루 한 번의 실천이다. 또 나의 허물을 참회하고 자신을 변화시키는 가장 강력한 방편이다. 단순히 엎드리고 일어나기를 반복하는 다리운동이 아니라 108번 절할 때마다 지극한 마음으로 기도문을 독송한다면 기적 같은 변화를 체험할 수 있다. 내 마음의 몸부림을 가라앉히고 싶다면, 사랑하는 사람을 위해 매일 기도하고 싶다면, 그 기도에 간절한 마음을 더하고 싶다면, 선묵혜자 스님과 함께 팔만사천 경전 속 지혜의 말씀을 따라 기도 순례를 떠나보자. 선묵혜자 스님의 음성과 함께 마음을 평화로 채우는 시간“108배로 아침을 맞이하면바라는 바 소원이 모두 성취됩니다.”《나를 찾는 108 참회 기도문》은 나를 일깨우는 108개의 기도문과 그에 대한 해설로 구성되었다. 부처님께서 중생제도를 위해 49년간 설법하신 말씀 가운데 불자들이 반드시 새겨야 할 말씀들을 가려 뽑았다. 삼보, 무아, 중도, 사성제, 팔정도, 육바라밀 등 불교의 기초 교리를 충실히 담아냈다. 기도문 한 구절 한 구절이 진실로 마음을 울린다. 이 책은 불교의 핵심 사상과 어려운 용어들을 풀어 설명해 누구나 어렵지 않게 불교 교리를 배우고 마음에 새길 수 있다는 점이 특징이다. 인욕선인의 일화를 통해 ‘인내’와 ‘자비’를 이해하고, 파라트파차의 일화를 통해 몸과 입, 뜻으로 짓는 죄업을 경계하며, 선성 비구 일화를 통해 ‘신심’의 중요성을 일깨운다. 머리로만 이해하는 불교적 세계관이 아니라 《금강경》, 《법화경》, 《화엄경》 등 대승 경전에 담긴 지혜를 마음으로 깨쳐 신심이 절로 우러난다.  특별 부록으로 수록된 선묵혜자 스님의 ‘108 참회 기도문’ CD는 시간과 장소에 구애받지 않고  108배 수행을 할 수 있게 도와준다. 매일 아침 스님의 편안한 음성을 들으며 108배로 하루를 열어보자. 몸과 마음이 가벼워지고 자신감이 솟아나는 경험을 할 것이다. 팍팍한 현실에 지친 사람, 가까운 사람을 미워하는 자신이 원망스러운 사람, 마음의 갈피를 잡지 못하고 고통 속을 윤회하는 사람에게 일독을 권한다. 부처님의 공덕과 가피가 찾아들어 바라는 바 소원이 모두 성취될 것이다."
어린이어린이(공통),어린이 대학,"
최재천
저자 : 최재천글쓴이 최재천은 서울대학교에서 동물학과를 졸업하고 미국 펜실베이니아 주립대학교에서 생태학 석사 학위를, 하버드 대학교에서 생물학 박사 학위를 받았습니다. 10여 년 간 중남미의 열대를 누비며 동물들의 생태를 탐구한 뒤, 국내로 돌아와 자연 과학과 인문학의 경계를 넘나들며 생명에 대한 지식과 사랑을 널리 나누고 실천해 왔습니다. 서울대학교 생명과학부 교수, 환경운동연합 공동 대표, 한국생태학회장, 국립생태원 초대 원장 등을 지냈고, 현재 이화여자대학교 에코과학부 석좌 교수를 맡고 있습니다. 지은 책으로 『개미제국의 발견』『생명이 있는 것은 다 아름답다』『다윈 지능』『통섭의 식탁』『과학자의 서재』『거품예찬』 등이 있고, 번역한 책으로 『통섭』『이것이 생물학이다』 등이 있습니다.저자 : 이은희글쓴이 이은희는 연세대학교에서 생물학을, 같은 학교 대학원에서 신경생물학을 공부한 뒤 고려대학교에서 과학언론학 박사 과정을 마쳤습니다. 책, 방송, 강연 등 다양한 방법을 통해 많은 사람에게 과학을 알리는 ‘과학 커뮤니케이터’로 활동하고 있습니다. 지은 책으로 『하리하라의 생물학 카페』 『하리하라의 과학블로그』『하리하라, 미드에서 과학을 보다』『하리하라의 몸 이야기』『하리하라의 과학 24시』『하리하라의 음식 과학』『하리하라의 눈 이야기』 등이 있습니다.그림 : 김소희그린이 김소희는 고양이들과 함께 지내며 일러스트와 만화 작업을 하고 있습니다. 『어린이 대학: 생물』에 그림을 그리며 작은 세포나 개미에서 발견할 수 있는 자연의 규칙과 창의성에 감탄했답니다. 그림을 그린 책으로 『암탉, 엄마가 되다』『어떡하지, 난 꿈이 없는데』『공부 도사』『우리 역사 노래 그림책』『국제조약, 알면 뉴스가 들려요』 등이 있습니다.
","스스로 질문을 찾아 나서는 어린이를 위한 특별한 대학어린이가 묻고 우리 시대를 대표하는 석학이 명쾌하게 답했다. 생명의 아름다움에 눈뜨는 생물 이야기. 어린이에게 학문의 세계를 소개하는 ‘어린이 대학’ 시리즈가 창비에서 출간되었다. 생물, 역사, 물리, 경제 등 어린이가 자신을 둘러싼 세상을 이해하는 데 특별히 도움이 될 만한 기초 학문을 선정해 인간과 사회에 대한 통합적 이해를 도모하도록 구성했다. 초등학교 5, 6학년을 대상으로 직접 설문조사를 벌여 어린이들이 각 학문에 대해 궁금해하는 점을 받고, 해당 학문을 평생 연구해 온 석학이 어린이의 질문에 답했다.엉뚱해 보이지만 핵심을 꿰뚫는 어린이의 질문과 지식과 통찰을 담은 석학의 대답을 통해 각 학문의 기초를 이해하고 다양한 사회?자연 현상을 한층 깊은 시선으로 바라볼 수 있게 이끈다.『어린이 대학: 생물』은 생명의 탄생과 진화, 노화와 죽음 등 기본적인 생명 현상 속에 얼마나 정교하고 아름다운 자연의 법칙이 숨어 있는지를 알려 준다. 생물 다양성의 가치와 동물의 행복에 대해 많은 관심을 기울이는 오늘날, 어린이가 모든 생명을 사랑할 줄 아는 따뜻한 사람으로 자라도록 따뜻한 격려를 보내는 책이다.","생물학으로 꿰뚫는 생명의 탄생과 죽음생물과 관련된 어린이들의 질문을 살펴보면 ‘지구 최초의 생명체는 언제, 어떻게 태어났나요?’ ‘왜 생명체는 모두 다르게 생겼나요?’ 등 생명의 탄생과 진화에 관한 근본적인 호기심이 크게 자리 잡고 있었다. 더불어 생명이 왜 죽거나 멸종하는 운명을 맞아야 하는지도 어린이가 궁금해하는 주제였다. 생물학자 최재천은 어린이들의 눈높이에 맞는 쉽고 재미난 비유를 곁들여 지구상에 얼마나 다양한 생물들이 함께 어울려 살아가고 있는지 이야기한다. 또한 생명이 영원히 늙거나 죽지 않는 상황을 가정해 봄으로써, 노화와 죽음으로 인해 생태계가 평화롭게 순환한다는 자연의 섭리도 자연스럽게 깨치도록 한다.생명의 아름다움에 눈뜨는 생물 이야기동물도 지능이나 감정이 있는지, 동물원의 동물은 행복한지 등 동물의 입장을 헤아리는 것에서 나아가 생명을 대하는 자세도 어린이들의 주요한 관심사였다. 『어린이 대학: 생물』은 동물의 마음을 이해하고 동물이 온전히 동물의 삶을 누리게끔 해 주는 것이 인간의 바른 역할임을 말한다. 특히 생물학은 다양한 생명체를 연구하는 것도 즐겁지만, 지구상의 동식물이 지금보다 더 풍요로운 세상에서 행복하게 살아갈 수 있도록 하는 보람찬 학문임을 일깨운다. 생물학자 최재천이 오랫동안 외친 “알면 사랑하게 된다.”라는 구호처럼, 이 책을 읽은 독자들은 생명의 아름다움을 느낄 줄 아는 어른으로 자라날 수 있을 것이다.◆ 시리즈 소개 ? 세상에 대한 호기심과 탐구심이 곧 학문이다대부분의 어린이에게 학문은 막연하고 어렵고 심각하게 느껴질 것이다. 학자라 하면 책이 잔뜩 꽂힌 서재나 실험 도구가 즐비한 연구실에서 보통 사람은 이해하기 어려운 연구를 하는 사람이라는 인상을 갖기 쉽다. 하지만 사실 학문은 인간이라면 누구나 가질 법한 세상에 대한 호기심으로부터 출발했다. 이 세상이 어떻게 생겨났는지, 옛사람들은 무엇을 하며 살았는지, 지금의 사회는 왜 이런 모습인지 등 다양한 궁금증으로부터 학문이 시작되었고, 이러한 질문에 대해 누구나 납득할 만한 근거를 바탕으로 설명하고자 한 노력과 탐구가 쌓여 학문의 체계를 이루었다. ‘어린이 대학’ 시리즈는 학문이 가지는 본연의 특성 즉 세상에 대한 호기심과 탐구심으로부터 학문이 비롯한다는 점과 세상을 흥미로운 눈으로 바라본다는 면에서 어린이와 학자는 같은 마음이라는 것을 어린이와 함께 나누고자 기획되었다.? 어린이의 생생한 질문, 지식과 통찰이 담긴 석학의 답변‘어린이 대학’ 기획위원회는 초등학교 5, 6학년 어린이 150명에게 생물학, 역사학, 물리학, 경제학에 대해 무엇이 궁금한지 설문조사를 했다. 엉뚱한 호기심이 느껴지는 질문, 소박해 보이지만 핵심을 꿰뚫는 질문 등 다채로운 질문이 모였는데 생각했던 것 이상으로 어린이들이 각 학문과 관련된 현상들을 세심하게 관찰하고 있음을 알 수 있었다. 400여 개의 질문 중에 높은 순위를 기록한 질문, 각 학문의 내용을 이해하는 데 주효한 질문 등을 추려 석학에게 물었다. 생물학자 최재천, 역사학자 이만열, 물리학자 오세정, 경제학자 이정전, 네 명의 석학이 질문을 꼼꼼히 살펴보고 어린이 눈높이에 맞춰 답했다. 네 석학은 어린이들의 질문이 여느 어른의 질문보다 구체적이고 생생하게 살아 있다고 감탄했고, 어린이의 호기심에 제대로 답할 수 있도록 평생 연구한 결과를 흥미로운 이야기와 비유를 통해 들려주었다. ‘어린이 대학’ 시리즈는 어린이와 석학 사이에 오고간 대화이자 지적 교류의 결과물이다.? 기초 학문에 대한 탄탄한 이해가 창조적 인재를 키운다각 학문들이 자유롭게 경계를 넘나들고 하루가 다르게 과학기술이 발전하는 이때, 사람들이 세계를 인식하고 이용하는 방식도 달라지고 있다. 지금과는 완전히 다른 삶을 살게 될 어린이들이 꼭 배워야 할 지식이란 무엇일까? 서로 분야가 다른 네 명의 석학이 공통적으로 이야기하는 것은 스스로 정보를 학습하는 인공지능 기술로 대표되는 ‘4차 산업 혁명’의 시대에 어떤 첨단 과학이 발달할지, 그 과학기술이 우리를 어떤 세상으로 데려갈지 정확히 예측하기 어렵다는 것이다. 이런 때일수록 강조되는 것은 모든 학문의 기본이 되는 기초 학문이다. 기초 학문에 대한 탄탄한 이해가 바탕이 될 때, 자기 분야밖에 모르는 ‘전문 바보’가 아닌 다양한 분야를 자유롭게 넘나드는 ‘창조적 인간’으로 성장할 수 있다. ‘어린이 대학’ 시리즈는 생물, 역사, 물리, 경제 등 인류가 쌓아 온 지식의 기초 분야를 이해함으로써 어린이가 통합적 사고력과 창의적 문제 해결력을 갖춘 인재로 성장할 수 있도록 격려한다.[추천사]아이들과 더불어 드넓은 세상과 마주하는 특별한 선물이 있다. 바로 아이들의 생생한 질문과 석학들의 설명이 멋지게 어우러지는 이 책이다. ‘어린이 대학’을 아이들과 함께 읽으면서 발 딛고 있는 현재와 과거 그리고 미래의 꿈과 희망을 함께 모색해 보자!배성호(전국초등사회교과모임 공동대표)딱딱한 지식이 아니라 지금, 여기 우리 아이들의 삶 속에서 생각하고 느낄 수 있는 이야기가 들어 있다. 무엇보다 시사적이고 논쟁적인 문제를 통해 스스로 생각하고 능동적으로 가치를 탐구하는 책 읽기를 경험할 수 있을 것이다.최은경(군포초등학교 교사)어린이들이 평소에 궁금해했던 질문을 속 시원하게 풀어 주는 책이다. 4인의 석학이 초등학생 눈높이에 맞는 친절한 설명으로 학문을 소개한다. 물리, 생물, 역사, 경제 등 가장 기초적이고 중요한 학문을 이해하는 길에 한 걸음 다가가도록 도와줄 ‘어린이 대학’을 적극 추천한다.초등과학교사 연구모임 ‘별빛유랑단’(최혁 이정규 이성재 김종욱)"
어린이어린이(공통),어린이 대학,"
오세정
저자 : 오세정글쓴이 오세정은 서울대학교 물리학과를 졸업하고 미국 스탠퍼드 대학교에서 물리학 박사 학위를 받은 뒤 서울대학교 물리학과 교수를 지냈습니다. 기초 과학 연구를 활성화하기 위한 여러 사업을 이끌었고, 우리나라의 과학 기술과 과학 교육 정책을 마련하는 데 앞장섰습니다. 일반 대중이 과학 기술의 본질을 알아야 진정한 선진국이 된다는 생각에 과학 대중화에 나서 활발하게 활동하고 있습니다. 1998년 제6회 한국과학상을 받았고, 2003년 한국과학문화재단에서 수여하는 ‘닮고 싶고 되고 싶은 과학자상’을 받았습니다. 2017년 현재 제20대 국회의원으로 활동하고 있습니다.저자 : 이희주글쓴이 이희주는 이화여자대학교와 같은 학교 대학원에서 물리학을 공부하고, 출판사에서 오랫동안 어린이책을 만들었습니다. 지금은 출판사 편집장으로 일하면서 어린이?청소년 책을 기획하고 쓰는 일을 하고 있습니다. 지은 책으로 『달을 찾아서』『외계인을 위한 지구 안내서』『원자, 넌 도대체 뭐니?』『떴다 지식 탐험대 16』『몬스터 과학 6: 충전 100% 에너지 세계로 출동!』등이 있습니다.그림 : 최진영그린이 최진영은 일상을 관찰하고 기억에 남는 장면과 이야기를 그림으로 옮겨 그리고 있습니다. 그리기의 즐거움과 건강함이 전달되기를 바라면서 다양한 매체에 그림을 싣고 있습니다.
","스스로 질문을 찾아 나서는 어린이를 위한 특별한 대학어린이가 묻고 우리 시대를 대표하는 석학이 명쾌하게 답했다, 모든 자연의 원리를 밝히는 물리 이야기. 어린이에게 학문의 세계를 소개하는 ‘어린이 대학’ 시리즈가 창비에서 출간되었다. 생물, 역사, 물리, 경제 등 어린이가 자신을 둘러싼 세상을 이해하는 데 특별히 도움이 될 만한 기초 학문을 선정해 인간과 사회에 대한 통합적 이해를 도모하도록 구성했다. 초등학교 5, 6학년을 대상으로 직접 설문조사를 벌여 어린이들이 각 학문에 대해 궁금해하는 점을 받고, 해당 학문을 평생 연구해 온 석학이 어린이의 질문에 답했다.엉뚱해 보이지만 핵심을 꿰뚫는 어린이의 질문과 지식과 통찰을 담은 석학의 대답을 통해 각 학문의 기초를 이해하고 다양한 사회?자연 현상을 한층 깊은 시선으로 바라볼 수 있게 이끈다.『어린이 대학: 물리』에서는 일상생활 속에서 스쳐 지나가는 사물, 현상, 사건에도 물리 법칙이 숨어 있음을 알려 주면서 주변 세상에 대한 구체적인 호기심을 과학적 사고로 연결할 수 있도록 이끈다. 4차 산업 혁명 시대를 앞둔 오늘날, 미래가 어떤 모습으로 바뀔지, 과학이 사회에서 어떤 역할을 해야 하는지 등에 대한 과학자의 통찰을 엿볼 수 있다.","일상생활 속 물리 법칙을 발견하는 과학 안내서설문조사 결과 어린이들이 가장 낯설어하고 어려워하는 학문은 물리였다. 다른 학문과 달리 물리 그 자체가 무엇인지, 물리를 왜 배워야 하는지, 물리학자는 무슨 일을 하는지 등에 대한 질문이 많았다. 물리학자 오세정은 스쳐 지나가는 사물, 현상, 사건에도 물리 법칙이 숨어 있음을 설명한다. 일상생활 속에서 어떠한 물리 법칙을 발견할 수 있는지 안내함으로써 구체적인 경험 세계를 이론적으로 이해할 수 있도록 이끈다. 『어린이 대학: 물리』는 단지 아이들에게 과학적 사실을 알려 주는 데 그치지 않고 현실이 어떻게 개념이 되는지 ‘과학적 사고의 과정’을 보여 주는 책이다.사회적 역할과 책임감을 생각하는 과학자 이야기물리학을 비롯한 자연과학은 자연의 이치를 탐구하는 학문인 동시에 오늘날 우리가 누리는 각종 기술의 바탕을 제공하는 학문이다. 특히 요즘은 기술의 발전 속도가 빨라서 과학적 발견이 이루어지면 곧바로 사회에서 쓰이고 사람들의 삶에 영향을 끼친다. 물리학자 오세정은 과학자들이 이러한 사회적 역할을 인지해 자신의 연구 분야를 많은 대중에게 소개하고, 사회에 미칠 영향에 대해 신중히 고려해야 함을 강조하고 있다. 어린이에게 상아탑 속에 갇힌 지식이 아니라 우리 사회와 역동적인 관계를 맺고 진화하는 학문의 세계를 엿볼 수 있도록 이끈다.◆ 시리즈 소개 ? 세상에 대한 호기심과 탐구심이 곧 학문이다대부분의 어린이에게 학문은 막연하고 어렵고 심각하게 느껴질 것이다. 학자라 하면 책이 잔뜩 꽂힌 서재나 실험 도구가 즐비한 연구실에서 보통 사람은 이해하기 어려운 연구를 하는 사람이라는 인상을 갖기 쉽다. 하지만 사실 학문은 인간이라면 누구나 가질 법한 세상에 대한 호기심으로부터 출발했다. 이 세상이 어떻게 생겨났는지, 옛사람들은 무엇을 하며 살았는지, 지금의 사회는 왜 이런 모습인지 등 다양한 궁금증으로부터 학문이 시작되었고, 이러한 질문에 대해 누구나 납득할 만한 근거를 바탕으로 설명하고자 한 노력과 탐구가 쌓여 학문의 체계를 이루었다. ‘어린이 대학’ 시리즈는 학문이 가지는 본연의 특성 즉 세상에 대한 호기심과 탐구심으로부터 학문이 비롯한다는 점과 세상을 흥미로운 눈으로 바라본다는 면에서 어린이와 학자는 같은 마음이라는 것을 어린이와 함께 나누고자 기획되었다.? 어린이의 생생한 질문, 지식과 통찰이 담긴 석학의 답변‘어린이 대학’ 기획위원회는 초등학교 5, 6학년 어린이 150명에게 생물학, 역사학, 물리학, 경제학에 대해 무엇이 궁금한지 설문조사를 했다. 엉뚱한 호기심이 느껴지는 질문, 소박해 보이지만 핵심을 꿰뚫는 질문 등 다채로운 질문이 모였는데 생각했던 것 이상으로 어린이들이 각 학문과 관련된 현상들을 세심하게 관찰하고 있음을 알 수 있었다. 400여 개의 질문 중에 높은 순위를 기록한 질문, 각 학문의 내용을 이해하는 데 주효한 질문 등을 추려 석학에게 물었다. 생물학자 최재천, 역사학자 이만열, 물리학자 오세정, 경제학자 이정전, 네 명의 석학이 질문을 꼼꼼히 살펴보고 어린이 눈높이에 맞춰 답했다. 네 석학은 어린이들의 질문이 여느 어른의 질문보다 구체적이고 생생하게 살아 있다고 감탄했고, 어린이의 호기심에 제대로 답할 수 있도록 평생 연구한 결과를 흥미로운 이야기와 비유를 통해 들려주었다. ‘어린이 대학’ 시리즈는 어린이와 석학 사이에 오고간 대화이자 지적 교류의 결과물이다.? 기초 학문에 대한 탄탄한 이해가 창조적 인재를 키운다각 학문들이 자유롭게 경계를 넘나들고 하루가 다르게 과학기술이 발전하는 이때, 사람들이 세계를 인식하고 이용하는 방식도 달라지고 있다. 지금과는 완전히 다른 삶을 살게 될 어린이들이 꼭 배워야 할 지식이란 무엇일까? 서로 분야가 다른 네 명의 석학이 공통적으로 이야기하는 것은 스스로 정보를 학습하는 인공지능 기술로 대표되는 ‘4차 산업 혁명’의 시대에 어떤 첨단 과학이 발달할지, 그 과학기술이 우리를 어떤 세상으로 데려갈지 정확히 예측하기 어렵다는 것이다. 이런 때일수록 강조되는 것은 모든 학문의 기본이 되는 기초 학문이다. 기초 학문에 대한 탄탄한 이해가 바탕이 될 때, 자기 분야밖에 모르는 ‘전문 바보’가 아닌 다양한 분야를 자유롭게 넘나드는 ‘창조적 인간’으로 성장할 수 있다. ‘어린이 대학’ 시리즈는 생물, 역사, 물리, 경제 등 인류가 쌓아 온 지식의 기초 분야를 이해함으로써 어린이가 통합적 사고력과 창의적 문제 해결력을 갖춘 인재로 성장할 수 있도록 격려한다.[추천사]아이들과 더불어 드넓은 세상과 마주하는 특별한 선물이 있다. 바로 아이들의 생생한 질문과 석학들의 설명이 멋지게 어우러지는 이 책이다. ‘어린이 대학’을 아이들과 함께 읽으면서 발 딛고 있는 현재와 과거 그리고 미래의 꿈과 희망을 함께 모색해 보자!배성호(전국초등사회교과모임 공동대표)딱딱한 지식이 아니라 지금, 여기 우리 아이들의 삶 속에서 생각하고 느낄 수 있는 이야기가 들어 있다. 무엇보다 시사적이고 논쟁적인 문제를 통해 스스로 생각하고 능동적으로 가치를 탐구하는 책 읽기를 경험할 수 있을 것이다.최은경(군포초등학교 교사)어린이들이 평소에 궁금해했던 질문을 속 시원하게 풀어 주는 책이다. 4인의 석학이 초등학생 눈높이에 맞는 친절한 설명으로 학문을 소개한다. 물리, 생물, 역사, 경제 등 가장 기초적이고 중요한 학문을 이해하는 길에 한 걸음 다가가도록 도와줄 ‘어린이 대학’을 적극 추천한다.초등과학교사 연구모임 ‘별빛유랑단’(최혁 이정규 이성재 김종욱)"
어린이어린이(공통),어린이 대학 과학 세트,"
최재천
저자 : 최재천글쓴이 최재천은 서울대학교에서 동물학과를 졸업하고 미국 펜실베이니아 주립대학교에서 생태학 석사 학위를, 하버드 대학교에서 생물학 박사 학위를 받았습니다. 10여 년 간 중남미의 열대를 누비며 동물들의 생태를 탐구한 뒤, 국내로 돌아와 자연 과학과 인문학의 경계를 넘나들며 생명에 대한 지식과 사랑을 널리 나누고 실천해 왔습니다. 서울대학교 생명과학부 교수, 환경운동연합 공동 대표, 한국생태학회장, 국립생태원 초대 원장 등을 지냈고, 현재 이화여자대학교 에코과학부 석좌 교수를 맡고 있습니다. 지은 책으로 『개미제국의 발견』『생명이 있는 것은 다 아름답다』『다윈 지능』『통섭의 식탁』『과학자의 서재』『거품예찬』 등이 있고, 번역한 책으로 『통섭』『이것이 생물학이다』 등이 있습니다.저자 : 이은희글쓴이 이은희는 연세대학교에서 생물학을, 같은 학교 대학원에서 신경생물학을 공부한 뒤 고려대학교에서 과학언론학 박사 과정을 마쳤습니다. 책, 방송, 강연 등 다양한 방법을 통해 많은 사람에게 과학을 알리는 ‘과학 커뮤니케이터’로 활동하고 있습니다. 지은 책으로 『하리하라의 생물학 카페』 『하리하라의 과학블로그』『하리하라, 미드에서 과학을 보다』『하리하라의 몸 이야기』『하리하라의 과학 24시』『하리하라의 음식 과학』『하리하라의 눈 이야기』 등이 있습니다.저자 : 오세정글쓴이 오세정은 서울대학교 물리학과를 졸업하고 미국 스탠퍼드 대학교에서 물리학 박사 학위를 받은 뒤 서울대학교 물리학과 교수를 지냈습니다. 기초 과학 연구를 활성화하기 위한 여러 사업을 이끌었고, 우리나라의 과학 기술과 과학 교육 정책을 마련하는 데 앞장섰습니다. 일반 대중이 과학 기술의 본질을 알아야 진정한 선진국이 된다는 생각에 과학 대중화에 나서 활발하게 활동하고 있습니다. 1998년 제6회 한국과학상을 받았고, 2003년 한국과학문화재단에서 수여하는 ‘닮고 싶고 되고 싶은 과학자상’을 받았습니다. 2017년 현재 제20대 국회의원으로 활동하고 있습니다.저자 : 이희주글쓴이 이희주는 이화여자대학교와 같은 학교 대학원에서 물리학을 공부하고, 출판사에서 오랫동안 어린이책을 만들었습니다. 지금은 출판사 편집장으로 일하면서 어린이?청소년 책을 기획하고 쓰는 일을 하고 있습니다. 지은 책으로 『달을 찾아서』『외계인을 위한 지구 안내서』『원자, 넌 도대체 뭐니?』『떴다 지식 탐험대 16』『몬스터 과학 6: 충전 100% 에너지 세계로 출동!』등이 있습니다.그림 : 김소희그린이 김소희는 고양이들과 함께 지내며 일러스트와 만화 작업을 하고 있습니다. 『어린이 대학: 생물』에 그림을 그리며 작은 세포나 개미에서 발견할 수 있는 자연의 규칙과 창의성에 감탄했답니다. 그림을 그린 책으로 『암탉, 엄마가 되다』『어떡하지, 난 꿈이 없는데』『공부 도사』『우리 역사 노래 그림책』『국제조약, 알면 뉴스가 들려요』 등이 있습니다.
","스스로 질문을 찾아 나서는 어린이를 위한 특별한 대학어린이가 묻고 우리 시대를 대표하는 석학이 명쾌하게 답했다. 어린이에게 학문의 세계를 소개하는 ‘어린이 대학’ 시리즈가 창비에서 출간되었다. 생물, 역사, 물리, 경제 등 어린이가 자신을 둘러싼 세상을 이해하는 데 특별히 도움이 될 만한 기초 학문을 선정해 인간과 사회에 대한 통합적 이해를 도모하도록 구성했다. 초등학교 5, 6학년을 대상으로 직접 설문조사를 벌여 어린이들이 각 학문에 대해 궁금해하는 점을 받고, 해당 학문을 평생 연구해 온 석학이 어린이의 질문에 답했다.엉뚱해 보이지만 핵심을 꿰뚫는 어린이의 질문과 지식과 통찰을 담은 석학의 대답을 통해 각 학문의 기초를 이해하고 다양한 사회?자연 현상을 한층 깊은 시선으로 바라볼 수 있게 이끈다.『어린이 대학: 과학 세트』에서는 생물학자 최재천과 물리학자 오세정을 만나 관련 학문에 대한 이야기를 듣는다. 생물학과 물리학은 기초과학을 대표하는 학문으로 순수한 지적 호기심에서 출발하여 다양한 자연 현상을 탐구하는 학문이다. 동물, 식물, 지구, 우주, 에너지 등 여러 자연 현상을 깊이 있게 이해하는 한편, 과학과 기술 발전의 기초가 되는 두 학문을 엿보면서 어린이가 살아가게 될 미래를 준비하도록 이끈다.","세상에 대한 호기심과 탐구심이 곧 학문이다대부분의 어린이에게 학문은 막연하고 어렵고 심각하게 느껴질 것이다. 학자라 하면 책이 잔뜩 꽂힌 서재나 실험 도구가 즐비한 연구실에서 보통 사람은 이해하기 어려운 연구를 하는 사람이라는 인상을 갖기 쉽다. 하지만 사실 학문은 인간이라면 누구나 가질 법한 세상에 대한 호기심으로부터 출발했다. 이 세상이 어떻게 생겨났는지, 옛사람들은 무엇을 하며 살았는지, 지금의 사회는 왜 이런 모습인지 등 다양한 궁금증으로부터 학문이 시작되었고, 이러한 질문에 대해 누구나 납득할 만한 근거를 바탕으로 설명하고자 한 노력과 탐구가 쌓여 학문의 체계를 이루었다. ‘어린이 대학’ 시리즈는 학문이 가지는 본연의 특성 즉 세상에 대한 호기심과 탐구심으로부터 학문이 비롯한다는 점과 세상을 흥미로운 눈으로 바라본다는 면에서 어린이와 학자는 같은 마음이라는 것을 어린이와 함께 나누고자 기획되었다.어린이의 생생한 질문, 지식과 통찰이 담긴 석학의 답변‘어린이 대학’ 기획위원회는 초등학교 5, 6학년 어린이 150명에게 생물학, 역사학, 물리학, 경제학에 대해 무엇이 궁금한지 설문조사를 했다. 엉뚱한 호기심이 느껴지는 질문, 소박해 보이지만 핵심을 꿰뚫는 질문 등 다채로운 질문이 모였는데 생각했던 것 이상으로 어린이들이 각 학문과 관련된 현상들을 세심하게 관찰하고 있음을 알 수 있었다. 400여 개의 질문 중에 높은 순위를 기록한 질문, 각 학문의 내용을 이해하는 데 주효한 질문 등을 추려 석학에게 물었다. 생물학자 최재천, 역사학자 이만열, 물리학자 오세정, 경제학자 이정전, 네 명의 석학이 질문을 꼼꼼히 살펴보고 어린이 눈높이에 맞춰 답했다. 네 석학은 어린이들의 질문이 여느 어른의 질문보다 구체적이고 생생하게 살아 있다고 감탄했고, 어린이의 호기심에 제대로 답할 수 있도록 평생 연구한 결과를 흥미로운 이야기와 비유를 통해 들려주었다. ‘어린이 대학’ 시리즈는 어린이와 석학 사이에 오고간 대화이자 지적 교류의 결과물이다.기초 학문에 대한 탄탄한 이해가 창조적 인재를 키운다각 학문들이 자유롭게 경계를 넘나들고 하루가 다르게 과학기술이 발전하는 이때, 사람들이 세계를 인식하고 이용하는 방식도 달라지고 있다. 지금과는 완전히 다른 삶을 살게 될 어린이들이 꼭 배워야 할 지식이란 무엇일까? 서로 분야가 다른 네 명의 석학이 공통적으로 이야기하는 것은 스스로 정보를 학습하는 인공지능 기술로 대표되는 ‘4차 산업 혁명’의 시대에 어떤 첨단 과학이 발달할지, 그 과학기술이 우리를 어떤 세상으로 데려갈지 정확히 예측하기 어렵다는 것이다. 이런 때일수록 강조되는 것은 모든 학문의 기본이 되는 기초 학문이다. 기초 학문에 대한 탄탄한 이해가 바탕이 될 때, 자기 분야밖에 모르는 ‘전문 바보’가 아닌 다양한 분야를 자유롭게 넘나드는 ‘창조적 인간’으로 성장할 수 있다. ‘어린이 대학’ 시리즈는 생물, 역사, 물리, 경제 등 인류가 쌓아 온 지식의 기초 분야를 이해함으로써 어린이가 통합적 사고력과 창의적 문제 해결력을 갖춘 인재로 성장할 수 있도록 격려한다.[추천사]아이들과 더불어 드넓은 세상과 마주하는 특별한 선물이 있다. 바로 아이들의 생생한 질문과 석학들의 설명이 멋지게 어우러지는 이 책이다. ‘어린이 대학’을 아이들과 함께 읽으면서 발 딛고 있는 현재와 과거 그리고 미래의 꿈과 희망을 함께 모색해 보자!배성호(전국초등사회교과모임 공동대표)딱딱한 지식이 아니라 지금, 여기 우리 아이들의 삶 속에서 생각하고 느낄 수 있는 이야기가 들어 있다. 무엇보다 시사적이고 논쟁적인 문제를 통해 스스로 생각하고 능동적으로 가치를 탐구하는 책 읽기를 경험할 수 있을 것이다.최은경(군포초등학교 교사)어린이들이 평소에 궁금해했던 질문을 속 시원하게 풀어 주는 책이다. 4인의 석학이 초등학생 눈높이에 맞는 친절한 설명으로 학문을 소개한다. 물리, 생물, 역사, 경제 등 가장 기초적이고 중요한 학문을 이해하는 길에 한 걸음 다가가도록 도와줄 ‘어린이 대학’을 적극 추천한다.초등과학교사 연구모임 ‘별빛유랑단’(최혁 이정규 이성재 김종욱)"
경제/경영경제,금융의 딴짓,"
John Kay
저자 : JOHN KAY저자 존 케이 JOHN KAY는 영국의 대표적인 이코노미스트이며 현재 옥스퍼드 대학교 펠로우이고, 런던비즈니스쿨과 런던정경대학의 석좌교수이다. 그는 파이낸셜 타임즈의 고정 칼럼리스트로도 활동하고 있다. 9권의 단행본을 저술하였고, 머빈 킹과 함께 영국 조세 시스템(THE BRITISH TAX SYSTEM)을 공저하였다. 런던에 살고 있으며, 홈페이지 JOHNKAY.COM과 @JOHNKAYFT에서 그의 소식을 알 수 있다.역자 : 류영재역자 류영재는 한양대학교 대학원에서 석사, 영국 ASHRIDGE BUSINESS SCHOOL에서 MBA를 취득하였고, 증권업계에서 13년간 근무하였다. 현재 (주)서스틴베스트 대표이사이며, 미래부 신사업창조추진단 위원, 지식경제부 지속가능경영포럼 연구위원, 동반성장위원회 동반성장지수 평가위원, KAIST경영대학원 대우교수, 용인대학교 경영대학원 객원교수를 역임했다. 저서 ‘한국형 사회책임투자’가 있다.
","현대 금융의 문제를 설명하고, 개선 방법을 제시『금융의 딴짓』은 금융계 사람들의 잘못된 행위, 관행, 문화, 그리고 자기들끼리의 집단이기적 행태를 가감 없이 고발한다. 테일게이팅?마팅게일 같은 방식으로 도박인지 금융인지 불분명한 경계선 위를 아슬아슬하게 오고 가는 업무 행태, 그리고 자기들의 풍부한 자금력으로 자신들의 이익을 지키기 위해 행사하는 로비 활동까지 언급한다. 그리고 로비에 사용되는 그 돈마저도 결국은 그들의 돈이 아니라 타인의 돈임을 지적한다.","- 파이낸셜 타임즈 올해의 베스트북 - 2015년- 이코노미스트 올해의 베스트북 - 2015년- 블룸버그 올해의 베스트북 - 2015년 - 오웰 상 최종후보  2016년- 아마존 베스트셀러 (거시경제학, 통화정책) “세계가 향후 금융 붕괴를 피하려면, 아니 적어도 그 경제적 여파를 최소화하려면, 금융이 무엇인지에 대한 사람들의 명확한 생각이 필요하다. 이 책이 그 일을 한다.” (The Economist에서 인용) 2008년 세계 금융위기를 다루는 이 책은 금융위기가 언제든 다시 올 수 있다고 말한다. 위기의 근원적 요인이 그대로 남아있기 때문이다. 그 핵심 요인은 본래 해야 할 일은 하지 않고 딴짓을 하면서 높은 수익과 급여를 가져가는 금융권의 행태와 문화라고 저자는 거침없이 지적한다.금융의 이론과 실무 모두에 밝은 저자이기에 이유가 논리적이고 구체적이며, 금융 혁신을 위해 제시하는 정책 대안도 구체적이다. “이 책은 단순히 금융의 역기능을 고발하는 또 하나의 공격이 아니라, 오히려 엄격한 분석과 이론으로 그 여러 원인들을 정확히 찾아내는 대가의 시도이다.” (New York Times에서 인용) 서구 금융권에 대한 내용이지만, 글로벌 금융 환경에서 우리에게 미칠 영향이 작지 않을 뿐만 아니라, 모든 분야에 많은 시사점을 던져주는 책이다.고용 없는 성장, 부와 소득의 양극화, 그리고 이제 인공지능?로봇 등 기술 발전에 의한 급격한 일자리 감소까지 이 모두가 이미 현실의 문제다. 또 이것들이 가까운 미래에 어떤 파급을 일으킬지 상상조차 하기 두려울 정도다. 여기에 대해 우리는 어떤 대책을 갖고 있는가?2008년 세계 금융위기가 기억에서 멀어져 가는 듯하다. 이제 그런 금융?경제 위기는 끝난 것일까? 다시 오지는 않을까? 한편 BREXIT 과정을 밟고 있는 유로존과 영국, 새로운 리더십의 미국과 프랑스 등, 세계 각국은 자국의 이익만을 생각하며 새로운 길을 찾아 부심하고 있다.이 책은 가까운 미래의 변화, 그리고 다시 다가올 금융?경제 위기에 대처하는 한 방법을 제시한다. 바로 제대로 된 금융을 하는 것이다. 금융으로 하여금 그것이 정말 해야 할 일을 하게 만들어서 가계?기업?정부 모두에게 필요한 금융 서비스를 제공하도록 해야 한다고 주장한다. 그리고 그 방안을 제시한다. 그렇게 한다면, 자본주의 경제에서 실물경제 발전은 당연히 촉진되지 않겠는가!저자는 1980년대부터 금융이 잘못된 길로 들어서서 금융 사용자들을 위한 금융이 아니라 금융인을 위한 금융이 되었기 때문에 사용자들의 요구를 제대로 충족시키지 못했을 뿐만 아니라, 금융 경영자의 소득을 기형적으로 키워 오히려 부의 양극화에 크게 기여했다고 고발한다.그러나 반대로 이 책이 주장하는 것처럼 금융이 자기 역할을 제대로 한다면, 새로운 사업 기회를 찾는 탐색 능력과 기존 기업을 관리하는 스튜어드십 역량이 개발되고 발전하여 자본 사용자와 자본 제공자가 모두 승자가 되는 새로운 생태계가 만들어질 것이라고 한다.이 책은 이런 금융의 문제점을 조목조목 지적하고, 이것을 바꾸려면 규제보다 금융의 구조와 금융계의 동기유인을 바꿔야 한다고 말한다. 나아가 고양이에게 생선을 맡기듯 금융계 스스로 개혁할 가능성을 기대하지 말고, 일반 대중과 정치적 영향력 가진 사람들이 금융 개혁의 필요성을 깨닫고 변화를 주도해야 한다고 주장한다. 이 책에서 설명하는 금융의 기능과 여러 개념들을 최대한 많은 사람들이 이해해야 하는 이유가 여기에 있다.그래서 책은 유동성, 분산, 레버리지, 리스크 등 금융의 기본 지식과 효율적 시장 가설, 자본자산가격결정모델 등의 고급 개념을 비유와 사례를 들어 쉽고 재미있게 설명하며, 나아가 2008년 세계 금융위기에서 부채담보부증권(CDO)과 신용부도스왑(CDS)이 어떻게 문제를 일으켰는지를 알려준다.이 책은 금융계 사람들의 잘못된 행위, 관행, 문화, 그리고 자기들끼리의 집단이기적 행태를 가감 없이 고발한다. 테일게이팅·마팅게일 같은 방식으로 도박인지 금융인지 불분명한 경계선 위를 아슬아슬하게 오고 가는 업무 행태, 그리고 자기들의 풍부한 자금력으로 자신들의 이익을 지키기 위해 행사하는 로비 활동까지 언급한다. 그리고 로비에 사용되는 그 돈마저도 결국은 그들의 돈이 아니라 타인의 돈임을 지적한다.서구 금융 부문을 신랄히 비판하는 이 책은 우리나라의 금융 부문뿐만 아니라 우리 사회 전반의 개인·집단 이기주의, 무책임한 태도, 즉흥적 일 처리, 허약한 업무 시스템, 그리고 ‘나만 아니면 돼’식의 풍조가 너무 팽배한 것은 아닌지, 그렇다면 어떻게 해야 하는지를 진지하게 돌아보게 할 것이다.파이낸셜 타임즈 올해의 베스트북 ? 2015년2015년 11월 28일자, 파이낸셜 타임즈“’현대 서구 경제의 금융 부문은 너무 비대해졌다. . . . 그 성장은 실물경제에 제공하는 서비스의 상응하는 개선과는 관계 없이 이루어졌다.’ 파이낸셜 타임즈의 동료 컬럼리스트 케이는 그의 이 탁월한 저서에서 어떻게 이런 일이 생겼고, 어떻게 해야 하는지에 대해 설명한다.”Best books of 2015: Economics November 28, 2015 Review by Martin Wolf, Financial TimesOther People’s Money, by John Kay“’The finance sector of modern Western economies is too large . . . Its growth has not been matched by corresponding improvements in the provision of services to the non-financial economy.’ In this excellent book, Kay, a fellow columnist on the FT, explains how this came about and what to do about it.”이코노미스트 올해의 베스트북 - 2015년“세계가 향후 금융 붕괴를 피하려면, 아니 적어도 그 경제적 여파를 최소화하려면, 금융이 무엇인지에 대한 사람들의 명확한 생각이 필요하다. 이 책이 그 일을 한다.” Books of the year 2015, The EconomistOther People’s Money: The Real Business of Finance(*). By John Kay. (*) 미국판 제목“If the world is to avoid future banking collapses, or at least limit their economic impact, people need to think clearly about what the finance sector is for. This book does the job.”블룸버그 올해의 베스트북 - 2015년“경제학자 존 케이는 이 책에서 단절된 지배구조와 책임소재를 주제로 다룬다. 복잡다기한 현대 금융 시스템의 실태와 대중을 보호해야 할 법과 규제의 실패를 폭로한다. 그의 구체적인 제안이 최선이든 아니든, 보다 많은 사람들이 이 문제를 인식하고 개선을 요구하지 않는 한, 정책은 바뀌지 않을 것이다. 정치권의 인식부족이 가장 큰 도전이 될 것이다.”A Bloomberg Best Book of the Year, 2015Other People’s Money: The Real Business of Finance By John Kay“The theme of broken governance and accountability is echoed in economist John Kay’s Other People’s Money: The Real Business of Finance, which provides an accessible expos? of the complex and layered modern financial system and the failure of laws and regulations to protect the public. Whether his specific proposals are the best approach, policy won’t change unless many more people recognize the issues and demand better. Lack of political will remain the biggest challenge.”오웰 상 최종후보 ? 2016년오웰 상은 조지 오웰을 기념하는 영국 최고 명성의 정치 저술 상.The 2016 Orwell prize for books shortlist, 21 APRIL 2016Other People’s Money by John Kay (Profile Books)외 5종아마존 베스트셀러 (거시경제학, 통화정책; 2015년10월25일~12월19일 조회)Amazon Best Sellers Rank:#1 in Books - Business & Money - Economics - Macroeconomics#1 in Books - Business & Money - Economics - Money & Monetary Policy"
사회사회학,'나'를 증명하기,"
성공회대학교 동아시아연구소
저자 : 성공회대학교 동아시아연구소 (기획)기획자 성공회대학교 동아시아연구소는 성공회대학교 동아시아연구소 학술총서는 인문한국(HK)사업으로 2007년부터 ‘문화로서의 아시아: 사상·제도·일상에서 아시아를 재구성하기’라는 어젠다로 기획·연구한 성과로 맺은 결실이다. 이 어젠다는 ‘사상과 학지(學知)의 연쇄’, ‘이동의 통제와 탈경계’, ‘감성과 장소의 문화정치’라는 세 가지 주제로 기획되어, 연구소 소속 연구자들은 물론 국내외 유수한 연구자들이 참여했다. 동아시아 학술총서가 아시아 연구의 새로운 학제적 방법론을 만들어내고, 대안적 아시아라는 구상의 문화적 경로를 개척할 수 있는 중요한 디딤돌이 되기를 기대한다.엮은이:이정은 | 성공회대학교 동아시아연구소 HK연구교수조경희 | 성공회대학교 동아시아연구소 HK교수지은이:조경희 | 성공회대학교 동아시아연구소 HK교수이정은 | 성공회대학교 동아시아연구소 HK연구교수서호철 | 한국학중앙연구원 한국학대학원 부교수김미혜 | 도쿄대학 대학원 특임연구원윤지영 | 공익인권법재단 공감 변호사 이재승 | 건국대학교 법학전문대학원 교수고연옥 | 성공회대학교 일반대학원 사회학과 박사 과정 수료김미란 | 성공회대학교 동아시아연구소 HK교수, 대학원 국제문화연구학과 부교수강주원 | 서울대학교 인류학과 박사
","이동과 경계를 관리하는국적, 여권, 등록의 동아시아적 맥락 그리기사람들의 이동과 사람들 사이의 경계를 관리하는 자기증명(IDENTIFICATION) 장치에 초점을 두고, 그 형성 과정과 위/아래로부터의 수행적 효과에 주목한 책이다. 한반도를 중심으로 재일조선인과 오키나와, 사할린, 단둥 등 아시아 접경 지대 주민들, 즉 식민과 전쟁, 냉전과 독재를 겪은 동아시아의 시민들의 삶에서 ‘자기증명’이 가지는 의미를 통찰한다. 1부 ‘구획되는 경계’에서는 근대국가에서 국적과 여권의 등장 배경과 한국에서 경계를 강화해온 정치 맥락을 사례를 통해 다루고, 2부 ‘국민과 난민 사이’에서는 일본 식민지 지배와 한반도 분단 체제의 틈새에서 불확실한 삶을 살았던 사람들의 역사적 현실을 다룬다. 3부 ‘자기증명의 실천들’에서는 무국적이나 경계인의 위치에 있던 사람들이 어떻게 현실에 대응해가며 자신들의 삶을 꾸려가고 있는지 구체적인 사례를 다룬다. 이 책은 국적과 여권을 둘러싼 동아시아적 특성을 이론화하는 데 중요한 논쟁점을 제시할 뿐 아니라, 냉전기의 구획된 아시아와 탈냉전기의 재구성되는 아시아 사이의 역동성을 유감없이 보여준다.","‘선량한 국민’과 ‘불온한 그들’을 나누는 경계국적, 여권, 등록국경 없는 지구는 가능한가? 1985년 솅겐 조약 체결 이후 유럽 시민 수억 명이 자유롭게 국경을 넘나드는 반면, 최근 수년간 지중해는 목숨을 걸고 밀항하는 중동과 아프리카 출신 난민들의 무덤이 되어버렸다. 미국에서는 트럼프의 등장으로 선진국으로 유입되는 이민과 난민을 막다른 골목으로 몰아넣고 있고, 일본은 2012년 새로운 외국인 재류 관리 시스템을 도입해 영주자격을 가진 사람들에 대한 재입국허가제를 간소화했으나 ‘유효한 여권’이 없는 조선적 재일조선인, 비정규 체류자들에 대한 단속을 강화했다. 즉, 국경의 벽은 주류 시민들에겐 낮아졌으나 그렇지 못한 사람들에겐 점점 높아지고 있다. 국가는 여권을 통해 개인에게 국경을 이동할 자유를 부여하면서 동시에 이동 과정을 감시하고 의심하면서 경계인을 만들어낸다. 즉, 사람들을 ‘선량한 국민’과 ‘불온한 그들’로 나누고 경계를 설정하는 것이다. 여권이나 신분증은 번호, 사진, 비자, 출입국 도장 등의 기록을 통해 삶의 이력과 이동의 흔적을 저장하고 축적하는 장치이며, 국가는 이를 개개인을 식별하고 경계를 설정하기 위한 자원으로 삼는다. 이와 동시에 사람들은 일상적으로 자신의 이름과 나이, 성별, 외모를 확인하는 것과 비슷하게 여권의 색깔과 국적 표시, 날마다 수시로 입력하는 등록번호 등을 통해 자신의 제도적 위치를 확인하고 자기증명을 실천한다. 식민, 분단, 냉전, 독재의 동아시아 현실 속에서 국적과 여권을 둘러싼 자기증명 실천의 역사이 책은 한반도와 접경 지역에서 국경을 넘는 수많은 사람들의 경험과 사례를 중심으로 인구의 파악과 등록, 이동의 의미를 묻는다. 일본의 식민 지배와 한국전쟁을 경험하며 냉전의 희생양이 되었던 한반도에서 다른 인접 국가로의 이동은 역사적으로 빈번할 수밖에 없었다. 그 과정에서 국가는 ‘선량한 국민’과 ‘불온한 그들’로 경계를 만들어왔기에 개인은 스스로 자신의 존재를 끊임없이 증명해야만 했다. 이 책을 엮은 이정은과 조경희는 그동안 한반도와 일본을 중심으로 한 사람들의 이동과 탈국경적인 생활권에 착목해 연구를 진행해왔다. 그 과정에서 이동하는 사람들을 관리하는 장치이자 그들 스스로의 생명과 생활을 보장하는 여권이나 신분증의 의미를 묻고 그것의 아시아적 맥락을 제대로 살펴볼 필요성을 절감하게 되었다. 이렇게 출발한 성공회대 동아시아연구소의 ‘자기증명’ 팀은 국적, 여권, ID, 국가 통치성과 국제 인권 제도와 관련된 글들을 읽고 국적법과 여권법, 주민등록법, 해외이주법, 밀항단속법, 국가보안법 등의 이동 관련법들도 함께 검토했다. 제1부 ‘구획되는 경계’에서는 근대국가에서 국적과 여권의 등장 배경과 한국에서 경계를 강화해온 정치 맥락을 사례를 통해 다룬다. 1장에서는 선행 연구 성과들을 검토하면서 이 책의 개략적인 문제의식을 제시하고 있다. 2장에서는 해방 이후부터 주민등록제도가 시행되기 전까지 신분증명서를 중심으로 자신의 정체성을 증명해야 했던 제도의 변화 과정을 분석한다. 3장에서는 남한에서 이뤄진 총선거에서 누가 시민이고 누가 유권자가 되었는지를 ‘수의 정치’와 인구의 조사와 등록, 분류의 관료제의 통치성으로 분석한다. 제2부 ‘국민과 난민 사이’에서는 일본 식민지 지배와 한반도 분단 체제의 틈새에서 불확실한 삶을 살았던 사람들의 역사적 현실을 다룬다. 4장에서는 한국 외교문서를 통해 1965년 이후 재일조선인의 국적 변동과 ‘협정영주’허가 신청과 관련된 한일 정부의 개입 과정을 살펴본다. 5장에서는 미국에서 일본으로의 시정권 반환 후, 체류를 위해 일본군 ‘위안부’임을 밝혀야만 했던 배봉기 씨의 경우를 ‘강요된 자기증명’이라는 관점에서 서술하고 있다. 배봉기 씨의 삶을 통해 식민주의, 전시 성폭력, 동아시아 냉전, 남북 분단이라는 층층이 겹쳐진 폭력에 노출되어온 오키나와 조선인의 역사를 부각시킨다. 그리고 6장에서는 제2차 세계대전 후, 구소련에서 무국적자로 살아온 사할린 동포들이 대한민국 정부를 상대로 한 국적확인소송을 다루고 있다. 무국적 동포의 대한민국 국적을 법리적으로 밝힌 최초의 판결이라는 점에서 이 소송판결의 의미를 확인하면서도 대한민국 정부가 여전히 동포들을 선별적으로 받아들인다는 한계점이 있음을 지적하고 있다.제3부 ‘자기증명의 실천들’에서는 무국적이나 경계인의 위치에 있던 사람들이 어떻게 현실에 대응해가며 자신들의 삶을 꾸려가고 있는지 구체적인 사례들을 다룬다. 먼저, 7장은 한국 보수정권하에서 정치적 이유로 입국이 거부된 재일조선인의 사례들을 국제인권법상의 이동권 관념에 비추어 검토하고 있다. 8장은 재일동포 간첩 조작 사건의 재심 절차를 형사 무죄판결과 보상·배상으로 나누어 그 의미와 문제점을 살펴보고 있다. 특히 간첩 조작 사건 피해자를 인터뷰해 재심과 관련된 그들의 생각과 감회를 생생한 목소리로 담아 더욱 현실감 있게 전하고 있다. 9장에서는 중국이 한자녀정책을 성공적으로 이루었지만 동시에 1300만 명에 달하는 무호적자 집단을 양산한 점에 주목해, 공민권을 박탈하는 인구 통치가 가능할 수 있었던 중국의 통치 방식을 분석하고 있다. 마지막으로 10장에서는 압록강을 사이에 두고 있는 중국 단둥(丹東)과 신의주의 두 도시 공간을 중심으로 국경은 북·중 관계뿐 아니라 남·북 관계, 그리고 한국, 북한, 중국 관계를 들여다보는 거울이라고 규정한다. 오랜 기간 이 지역을 연구해온 필자는 2010년을 전후로 단둥의 중첩되는 경계의 의미를 북한 사람, 북한 화교, 조선족, 한국 사람의 네 집단의 실천을 중심으로 조명하고 있다."
어린이어린이(공통),숨은 그림 찾기,"
서유진
저자 : 서유진저자 서유진은 한양대학교에서 우리말과 글을 공부하고 잡지 기자와 텔레비전 어린이 프로그램 작가 등을 거쳐, 지금은 어린이책 작가로 활동하고 있습니다. 쓴 책으로는 《우리 역사가 들려주는 7가지 탈 이야기》, 《밥상마다 깍둑깍둑》 등이 있습니다. 세 아이를 키우며 아이들의 눈높이에 맞추려고 계속 작아지는 중입니다.감수 : 조한숙감수자 조한숙은 전국역사교사모임에 속해 있는 풍문여고 세계사 선생님입니다. 호기심이 많아 다양하게 활동하기를 좋아하여 여러 어린이책 작업에 함께 참여하였습니다.
","고수들의 숨은 그림 찾기!숨은그림찾기는 물론 초등학생 기본 상식도 쌓을 수 있는 재미있는 유익한 숨은그림찾기 책 『숨은 그림 찾기: 수수께끼 같은 문명을 찾아라』. 맨 처음 사람들은 어떻게 모여 살기 시작했을까? 어떤 모습으로 살았고, 어떤 개성이 돋보였을까? 그리스 문명, 바이킹 문명, 이집트 문명 등 원시인류가 수준 높은 문명을 이루었던 그때로 함께 떠나본다. 다양한 활동으로 창의력, 상상력을 기르고 세계 문명에 대한 상식도 배울 수 있다.","숨은 그림 찾으며, 세계의 문명을 살펴보자!《수수께끼 같은 문명을 찾아라!》숨은그림찾기 끝판왕을 위한 ‘고수들의 숨은그림찾기’가 왔다!세계 20여 개국 어린이가 주목한 화제의 프랑스 숨은그림찾기 책!맨 처음 사람들은 어떻게 모여 살기 시작했을까요?어떤 모습으로 살았고, 어떤 개성이 돋보였을까요?그리스 문명, 바이킹 문명, 이집트 문명 등원시인류가 수준 높은 문명을 이루었던 그때로 함께 떠나 봐요!숨은 그림도 찾고, 세계 문명 상식도 배우고!문명이 뭘까요? 우리가 문명을 알아야 하는 이유는 뭘까요?원시인처럼 미개한 상태에서 벗어나 인류가 좀 더 세련되고 발달되게 만든 문화를 ‘문명’이라고 해요. 우리가 걸어 다니면서 친구와 카톡을 하고, 몇 시간 만에 다른 나라로 갈 수 있게 된 건, 과거 사람들이 남긴 경험을 토대로 계속해서 기술을 발전시켰기 때문이지요. 따라서 ‘처음’을 안다는 건 중요해요. 다가올 미래에 더 현명하고 지혜롭게 대처할 수 있기 때문이랍니다. 그리스 문명, 바이킹 문명, 이집트 문명 등 다양한 문명 상식을 배우며 숨은그림찾기를 즐겨 봐요! 두 눈 크게 뜨고 큰 그림 속에서 숨어 있는 그림을 찾아요! 앞에서 본 문명에 대한 기본 상식을 배워요.아이들이 궁금해할만한 호기심을 명쾌하게 풀어 준답니다! 어린이책 작가님이 글을 쓰셨고, 전국역사교사모임에 있는 조한숙 선생님의 감수를 받아 내용이 알차고 탄탄해요."
어린이어린이(공통),교양으로 읽는 용선생 세계사,"
이희건
저자 : 이희건저자 이희건은 서울대학교 고고미술사학과를 졸업했습니다. 오랫동안 책 만드는 일을 해 왔으며, 현재 사회평론 역사연구소장을 맡고 있습니다. 미래 세대에게 역사 공부가 지나간 일들을 암기하는 일이 아니라 지혜를 얻기 위한 경험의 창고를 들여다보는 일로 다가가기를 소망하며, 그런 역사책을 만들기를 소망합니다.저자 : 차윤석저자 차윤석은 서울대학교 독어독문학과를 졸업하고 같은 학교 대학원에서 석·박사 과정을 거친 뒤 독일 뮌헨대학교에서 중세문학 박사 과정을 마쳤습니다. 2013년 대산문화재단 외국문학번역 독어권 지원 대상에 선정되었으며, 중세와 관련된 번역과 프로젝트에 참여해왔습니다. 현재는 사회평론 역사연구소 수석연구원으로 역사책을 만들고 있습니다.저자 : 김선빈저자 김선빈은 고려대학교 국어국문학과를 졸업하고 웹진 <거울>등에서 소설을 썼습니다. 어린이 교육과 관련된 일을 시작하여 국어, 사회, 세계사와 관련된 다양한 교재와 콘텐츠를 개발했습니다. 어린이는 물론 어른들도 낯선 역사를 쉽게 이해할 수 있도록 도와주는 글을 쓰는 것이 목표입니다. 현재는 사회평론 역사연구소 연구원으로 역사책을 만들고 있습니다.저자 : 박병익저자 박병익은 고려대학교 사학과를 졸업한 뒤 대중적이면서도 깊이 있는 역사책의 필요성을 느껴 사회평론 역사연구소에서 역사책을 만들고 있습니다. 사실의 나열이 아닌 '왜?'와 '어떻게?'라는 질문을 통해 어린이들이 역사와 친해지는 글을 쓰기 위해 오늘도 고민하고 있습니다.저자 : 김선혜저자 김선혜는 고려대학교 사학과를 졸업하고 여러 회사에서 콘텐츠 매니저, 기획 업무를 담당했습니다. 현재는 사회평론 역사연구소 연구원으로 역사책을 만들고 있습니다. 누구나 쉽고 재밌게 읽을 수 있는 역사책을 쓰는 것이 꿈입니다.그림 : 이우일그린이 이우일은 홍익대학교에서 시각디자인을 공부한 만화가입니다. ‘노빈손’ 시리즈의 모든 일러스트레이션을 그렸으며 지은 책으로는 《우일우화》, 《옥수수빵파랑》, 《좋은 여행》, 《고양이 카프카의 고백》 등이 있습니다. 그림책 작가인 아내 선현경, 딸 은서, 고양이 카프카와 함께 그림을 그리고 글을 쓰며 살고 있습니다.
","재미와 깊이라는 두 마리 토끼를 동시에 잡기 위해 출판계에서 드물게 외부 필진이 아닌 출판사 내부의 연구진이 기획과 편집 뿐 아니라 직접 원고를 집필했다. 총 제작기간 5년, 제작비 25억, 30여 명의 개발 참여 인원. 총 100여 차례의 전문가를 초빙해 강의를 진행하였고, 수백 권에 이르는 국내외의 참고 문헌과 연구 자료들을 참조하며 깊이 있는 설명에 공을 들였다. 또한 시대별.지역별 열세 분 교수님의 자문과 감수를 거쳐 다시 한 번 부족한 점을 보완, 역사책으로서 최고의 전문성을 갖추도록 했다.수천 컷의 사진과 그림, 또 직접 제작한 정교한 실사 지도를 적재적소에 배치했다. 또 역사적 현장을 위트 넘치게 표현하며 핵심을 놓치지 않는 이우일 작가의 삽화도 빠지지 않았다. 여기에 역사의 현장을 세심하게 재현한 세밀화를 삽입해 시각자료의 풍성함을 더했다. 또 교시의 말미에 삽입되었던 '용선생 세계사 카페'도 대폭 강화하여 문학과 예술, 세계사 상식 등 보다 다양한 주제와 시각자료를 함께 접할 수 있도록 구성하였다.5권에서는 세계 각 문화권이 전쟁과 교역을 통해 긴밀하게 교류하며 고유한 중세 문명을 형성해 가는 과정에 대해 배운다. 봉건 제도가 자리 잡은 유럽과 사대부 및 서민 계층의 성장이 두드러진 중국의 송나라, 막부 정권이 자리 잡은 일본, 이슬람교의 확산과 함께 정치·문화적 격변을 겪는 서아시아와 인도의 역사를 다룬다. 또한 대제국 몽골의 등장이 세계사에 미친 영향, 십자군 전쟁의 여파로 변화하는 중세 유럽 사회의 모습을 살펴볼 수 있다.","우리 아이 교양을 위한 세계사,그런데 너무 어렵다고요?걱정마세요!한국사 부동의 베스트셀러 “용선생”이 세계사 고민을 해결합니다.2012년 출간된 이후 5년 동안 100만부 판매를 기록하며 한순간에 초등 한국사 시장의 패러다임을 바꿔버린 《용선생의 시끌벅적 한국사》(이하 《용선생 한국사》)의 후속작인 《교양으로 읽는 용선생 세계사》(이하 《용선생 세계사》)가 출간되었습니다. 《용선생 세계사》는 세계사를 처음 접하는 청소년은 물론, 세계사에 대한 상식을 넓히려는 어른도 함께 읽을 수 있는 세계사 책입니다.세계사는 어렵다?기존 세계사 책의 단점을 뛰어넘는 출판사 내부 필진의 5년간 노력의 결실 기존 세계사 책은 깊이 있는 설명은 생략한 채 다양한 사건들을 수박 겉핥기식으로 훑고 넘어가는 경우가 많습니다. 더군다나 생동감이 넘치는 역사 현장 사진과 옛 삶의 모습을 떠올려볼 수 있는 세밀화 등과 같이 글의 이해를 돕는 장치들이 부족해서 세계사는 읽기 힘든 들다, 한국사보다 지루하고 어렵다는 선입견과 편견이 생겼습니다.《교양으로 읽는 용선생 세계사》는 재미와 깊이라는 두 마리 토끼를 동시에 잡기 위해 출판계에서 드물게 외부 필진이 아닌 출판사 내부의 연구진이 기획과 편집 뿐 아니라 직접 원고를 집필했습니다. 시대별, 지역별 역사를 아울러 집필해야 할 뿐 아니라 통일된 관점을 유지하기 위해서는 공동 집필이 필수적이었기 때문입니다.  또한 전문가의 글이 이해하기 어렵다는 지적도 있었습니다. 총 제작기간 5년, 제작비 25억, 30여 명의 개발 참여 인원. 사회평론 역사연구소는 총 100여 차례의 전문가를 초빙해 강의를 진행하였고, 수백 권에 이르는 국내외의 참고 문헌과 연구 자료들을 참조하며 깊이 있는 설명에 공을 들였습니다. 또한 시대별ㆍ지역별 열세 분 교수님의 자문과 감수를 거쳐 다시 한 번 부족한 점을 보완, 역사책으로서 최고의 전문성을 갖추도록 했습니다.그때 그곳의 지금 모습은 어떨까?과거 역사와 현재의 삶을 이어주는 코너 신설 및 보강!학생들이 세계사를 어렵게 받아들이는 이유 중 하나가 바로 지리적인 장벽입니다. 제아무리 세계지도를 펼쳐놓고 상상을 해 보아도, 가 본 적도 없는 세계 어딘가의 오늘날 모습과 과거를 연결하는 게 쉬운 일은 아닙니다.《용선생 세계사》는 바로 그 문제점을 해결하려고 했습니다. 그래서 책의 각 교시 수업이 시작되기에 앞서 그때 그 역사 현장의 오늘날 모습을 살펴볼 수 있는 코너를 마련했습니다. 이제는 일본, 중국, 유럽 등 우리가 비교적 쉽게 접할 수 있는 공간은 물론이고 서아시아와 이집트, 인도 등 쉽게 가볼 수 없는 곳의 생생한 모습까지도 《용선생 세계사》에서 한 번에 확인하고 역사 공부까지 마칠 수 있습니다.또 교시의 말미에 삽입되었던 〈용선생 세계사 카페〉도 대폭 강화하여 문학과 예술, 세계사 상식 등 보다 다양한 주제와 시각자료를 함께 접할 수 있도록 구성하였습니다.400여 컷의 실사 지도, 총 5000여 컷의 사진핵심을 찌르는 이우일 작가의 삽화와 과거 생활상을 충실히 재현한 세밀화까지!《용선생 한국사》는 이미 풍부한 시각자료로 호평 받았습니다. 하지만 《용선생 세계사》는 거기에서 만족하지 않고 한 발 더 나아갔습니다. 낯선 환경과 공간을 넘어 시간여행까지 해야 하는 독자들의 수고가 한국사와는 비교할 수 없을 만큼 크기 때문입니다.《용선생 세계사》에는 수천 컷의 사진과 그림, 또 직접 제작한 정교한 실사 지도를 적재적소에 배치했습니다. 또 역사적 현장을 위트 넘치게 표현하며 핵심을 놓치지 않는 이우일 작가의 삽화도 빠지지 않았습니다. 여기에 역사의 현장을 세심하게 재현한 세밀화를 삽입해 시각자료의 풍성함을 더했습니다.청소년 교양의 튼튼한 기초가 될 교양서!《용선생 세계사》는 남녀노소를 불문하고 세계사를 알고 싶어 하는 모든 이들에게 최고의 길잡이가 되고자 노력했습니다. 다른 역사책에서 잘 다루지 않는 지역, 우리가 가기 힘든 지역의 역사도 공평하게 보여줌으로써 지구촌의 주역인 청소년들의 시야의 폭을 넓히고자 했습니다.또한 세계사 상식을 넓히려는 어른들에게도 부족함이 없도록 용선생만의 깊이 있는 설명을 더했습니다. 지중해 해상 무역의 발전이 그리스의 민주주의를 낳게 된 과정, 중국 전국시대의 제후들이 필사적으로 부국강병 정책을 펼칠 수밖에 없었던 이유 등 굵직한 사건의 앞뒤 관계를 상세히 설명하여 글을 읽다보면 자연스럽게 역사에 대한 이해를 넓히도록 했습니다.《용선생 세계사》는 총 12권 중 이번에 1권부터 4권까지 출간되었고 2018년 상반기 완간 예정입니다.5권 전쟁과 교역으로 더욱 가까워진 세계세계 각 문화권이 전쟁과 교역을 통해 긴밀하게 교류하며 고유한 중세 문명을 형성해 가는 과정에 대해 배웁니다. 봉건 제도가 자리 잡은 유럽과 사대부 및 서민 계층의 성장이 두드러진 중국의 송나라, 막부 정권이 자리 잡은 일본, 이슬람교의 확산과 함께 정치·문화적 격변을 겪는 서아시아와 인도의 역사를 다룹니다. 또한 대제국 몽골의 등장이 세계사에 미친 영향, 십자군 전쟁의 여파로 변화하는 중세 유럽 사회의 모습을 살펴볼 수 있습니다."
어린이어린이(공통),숨은 그림 찾기,"
서유진
저자 : 서유진저자 서유진은 한양대학교에서 우리말과 글을 공부하고 잡지 기자와 텔레비전 어린이 프로그램 작가 등을 거쳐, 지금은 어린이책 작가로 활동하고 있습니다. 쓴 책으로는 《우리 역사가 들려주는 7가지 탈 이야기》, 《밥상마다 깍둑깍둑》 등이 있습니다. 세 아이를 키우며 아이들의 눈높이에 맞추려고 계속 작아지는 중입니다.
","고수들의 숨은그림찾기!숨은그림찾기는 물론 초등학생 기본 상식도 쌓을 수 있는 재미있는 유익한 숨은그림찾기 책 『숨은그림찾기: 기적 같은 문화재를 찾아라』. 전 세계 사람들이 꼭 한번 여행하고 싶은 9개의 문화재가 크고 화려한 그림으로 펼쳐져 있다. 피라미드, 콜로세움, 만리장성, 타지마할 등 세계에서 손꼽히는 9개의 문화재를 숨은그림찾기와 함께 살펴보면서 창의력, 상상력을 기르고 기본 문화재 상식도 배울 수 있다.","숨은 그림 찾으며, 세계의 문화재를 살펴보자!《기적 같은 문화재를 찾아라!》숨은그림찾기 끝판왕을 위한 ‘고수들의 숨은그림찾기’가 왔다!세계 20여 개국 어린이가 주목한 화제의 프랑스 숨은그림찾기 책!전 세계 사람들이 꼭 한번 여행하고 싶은 문화재가 크고 화려한 그림으로 펼쳐져 있어요. 피라미드, 콜로세움, 만리장성, 타지마할 등 세계에서 손꼽히는 9개 문화재를 숨은그림찾기와 함께 살펴봐요!숨은 그림도 찾고, 세계 문화재 상식도 배우고!“고대 로마 최고의 원형 경기장, 콜로세움은 왜 지어졌을까?”“매일 파티가 열리던 베르사유 궁전이 여의도보다 넓다고?”“잉카인들은 왜 산꼭대기에 마추픽추를 지었을까?”“피라미드 안에서는 정말 음식이 안 썩을까?”유네스코에서 인정하는 세계 문화유산을 그림으로 들기고 사진으로 만날 수 있어요. 숨은그림찾기는 물론 초등학생 기본 상식도 쌓을 수 있는재미있고 유익한 숨은그림찾기 책!두 눈 크게 뜨고 큰 그림 속에서 숨어 있는 그림을 찾아요!앞에 있는 문화재를 사진으로도 만나고, 기본 문화재 상식도 배워요.아이들이 궁금해할만한 호기심을 명쾌하게 풀어 준답니다!"
